<?xml version="1.0" encoding="UTF-8"?>
<project-private xmlns="http://www.netbeans.org/ns/project-private/1">
    <editor-bookmarks xmlns="http://www.netbeans.org/ns/editor-bookmarks/2" lastBookmarkId="0"/>
    <open-files xmlns="http://www.netbeans.org/ns/projectui-open-files/2">
        <group>
            <file>file:/C:/Narender/WORK/consumercom-bpta-client/trunk/templates/paymentmethod/edit/editBankDetails.html</file>
            <file>file:/C:/Narender/WORK/consumercom-bpta-client/trunk/templates/makepayment/loggedOutEnterBac.html</file>
            <file>file:/C:/Narender/WORK/consumercom-bpta-client/trunk/templates/paymentmethod/setup/mpp/ressessment/ressesmentSetup.html</file>
            <file>file:/C:/Narender/WORK/consumercom-bpta-client/trunk/css/billing-custom.css</file>
            <file>file:/C:/Narender/WORK/consumercom-bpta-client/trunk/test/mockFiles/paymentMethod/paymentMethod_0202534856.json</file>
        </group>
    </open-files>
</project-private>
