{
    "BPTABillingPreferences": {
        "displayName": "How I'm Billed",
        "buttonId": "btn-bpta-billing-preferences",
        "frameId": "billingFrame",
        "targetApp": "BillingSummary",
        "targetRef": "billingUrl",
        "targetUrl": "/index.html#/viewbillprefs",
        "targetArea": "workarea",
        "injectContext": true,
        "targetProperties": null,
        "status": "active"
    },
    "MakePayment": {
        "displayName": "Make a Payment",
        "buttonId": "btn-make-payment",
        "frameId": "billingFrame",
        "targetApp": "BillingSummary",
        "targetRef": "billingUrl",
        "targetUrl": "/index.html#/agentmakepaymentindex",
        "targetArea": "workarea",
        "injectContext": true,
        "targetProperties": null,
        "status": "active"
    },
    "InstalmentPlan": {
        "displayName": "Instalment Plan",
        "buttonId": "instalment-plan",
        "frameId": "billingFrame",
        "targetApp": "BillingSummary",
        "targetRef": "billingUrl",
        "targetUrl": "/index.html#/moretimetopay",
        "targetArea": "workarea",
        "injectContext": true,
        "targetProperties": null,
        "status": "active"
    },
    "InviteCustomer": {
        "displayName": "Invite Customer Online",
        "buttonId": "invite-customer-online",
        "frameId": "billingFrame",
        "targetApp": "BillingSummary",
        "targetRef": "billingUrl",
        "targetUrl": "/index.html#/invitecustomeronline",
        "targetArea": "workarea",
        "injectContext": true,
        "targetProperties": null,
        "status": "active"
    },
    "ViewPaymentMethod": {
        "displayName": "View Payment Method",
        "buttonId": "view-payment-method",
        "frameId": "billingFrame",
        "targetApp": "BillingSummary",
        "targetRef": "billingUrl",
        "targetUrl": "/index.html#/viewPaymentMethod",
        "targetArea": "workarea",
        "injectContext": true,
        "targetProperties": null,
        "status": "active"
    },    
    "View Notes": {
        "displayName": "View Notes",
        "display_group": "tools",
        "buttonId": "btn-2nav-viewnote",
        "targetArea": "value_ignored",
        "status": "active"
    },
    "Create new Note": {
        "displayName": "Create New Note",
        "display_group": "tools",
        "buttonId": "btn-2nav-createnote",
        "targetArea": "value_ignored",
        "status": "active"
    },
    "BillingCommsCentre": {
        "displayName": "View Comms",
        "buttonId": "btn-comms",
        "display_group": "tools",
        "frameId": "commsCentreFrame",
        "targetApp": "ListComms",
        "targetRef": "commsCentreUrl",
        "targetUrl": "/advisor.html#/",
        "targetArea": "workarea",
        "targetProperties": null,
        "status": "active",
        "paramProfile": "CommsProfile",
        "injectContext": true
    },
    "BillingCommsCentreSendComms": {
        "displayName": "Create Comms",
        "buttonId": "btn-create-comms",
        "display_group": "tools",
        "frameId": "commsCentreFrame",
        "targetApp": "ListComms",
        "targetRef": "commsCentreUrl",
        "targetUrl": "/advisor.html#/sendcomms",
        "targetArea": "workarea",
        "targetProperties": null,
        "status": "active",
        "paramProfile": "CommsProfile",
        "injectContext": true
    }

}